{
  "ticker": "000660.KS",
  "name": "SK Hynix Inc.",
  "sector": "standard",
  "classification": "",
  "latest_annual": {
    "ticker": "000660.KS",
    "period": "FY2026",
    "is_annual": true,
    "fiscal_year": 2026,
    "fiscal_quarter": null,
    "segments": [],
    "total_revenue": 67561022547.21191,
    "gross_profit": 40816731879.950386,
    "operating_income": 32829813087.579967,
    "net_income": 29848380469.195255,
    "rd_expense": 4496551705.337188,
    "sga_expense": 7986918792.370416,
    "cogs": 26744290667.26152,
    "interest_expense": 642392744.8873292,
    "income_tax": 5228178125.005797,
    "currency": "USD",
    "extraction_method": "yahoo_only",
    "confidence": 0.55,
    "notes": [
      "Source: Yahoo Finance (no SEC filing available)",
      "⚠ Limited Segment Detail — aggregate data only",
      "BANK_NII:8185535524.361767",
      "BANK_NONINT:59375487022.85014"
    ]
  },
  "annual_periods": [
    {
      "ticker": "000660.KS",
      "period": "FY2026",
      "is_annual": true,
      "fiscal_year": 2026,
      "fiscal_quarter": null,
      "segments": [],
      "total_revenue": 67561022547.21191,
      "gross_profit": 40816731879.950386,
      "operating_income": 32829813087.579967,
      "net_income": 29848380469.195255,
      "rd_expense": 4496551705.337188,
      "sga_expense": 7986918792.370416,
      "cogs": 26744290667.26152,
      "interest_expense": 642392744.8873292,
      "income_tax": 5228178125.005797,
      "currency": "USD",
      "extraction_method": "yahoo_only",
      "confidence": 0.55,
      "notes": [
        "Source: Yahoo Finance (no SEC filing available)",
        "⚠ Limited Segment Detail — aggregate data only",
        "BANK_NII:8185535524.361767",
        "BANK_NONINT:59375487022.85014"
      ]
    },
    {
      "ticker": "000660.KS",
      "period": "FY2025",
      "is_annual": true,
      "fiscal_year": 2025,
      "fiscal_quarter": null,
      "segments": [],
      "total_revenue": 67561022547.21191,
      "gross_profit": 40816731879.950386,
      "operating_income": 32829813087.579967,
      "net_income": 29848380469.195255,
      "rd_expense": 4496551705.337188,
      "sga_expense": 7986918792.370416,
      "cogs": 26744290667.26152,
      "interest_expense": 642392744.8873292,
      "income_tax": 5228178125.005797,
      "currency": "USD",
      "extraction_method": "yahoo_only",
      "confidence": 0.55,
      "notes": [
        "Source: Yahoo Finance (no SEC filing available)",
        "⚠ Limited Segment Detail — aggregate data only",
        "BANK_NII:8185535524.361767",
        "BANK_NONINT:59375487022.85014"
      ]
    },
    {
      "ticker": "000660.KS",
      "period": "FY2024",
      "is_annual": true,
      "fiscal_year": 2024,
      "fiscal_quarter": null,
      "segments": [],
      "total_revenue": 45109316117.48412,
      "gross_profit": 21690311165.227207,
      "operating_income": 15992557383.758656,
      "net_income": 13485631504.876831,
      "rd_expense": 3023286895.9773912,
      "sga_expense": 1179003525.8067074,
      "cogs": 23419004952.256916,
      "interest_expense": 916756272.9415368,
      "income_tax": 2786204050.4291654,
      "currency": "USD",
      "extraction_method": "yahoo_only",
      "confidence": 0.55,
      "notes": [
        "Source: Yahoo Finance (no SEC filing available)",
        "⚠ Limited Segment Detail — aggregate data only"
      ]
    }
  ],
  "quarterly_periods": [
    {
      "ticker": "000660.KS",
      "period": "2026Q1",
      "is_annual": false,
      "fiscal_year": 2026,
      "fiscal_quarter": null,
      "segments": [],
      "total_revenue": 34973219791.00228,
      "gross_profit": 27724728955.8918,
      "operating_income": 25017983749.228935,
      "net_income": 26827229345.005005,
      "rd_expense": 1630686651.3576825,
      "sga_expense": 290860974.75490534,
      "cogs": 7248490835.110482,
      "interest_expense": 111048812.39653333,
      "income_tax": 7497322445.576603,
      "currency": "USD",
      "extraction_method": "yahoo_only",
      "confidence": 0.55,
      "notes": [
        "Source: Yahoo Finance (no SEC filing available)",
        "⚠ Limited Segment Detail — aggregate data only"
      ]
    },
    {
      "ticker": "000660.KS",
      "period": "2025Q4",
      "is_annual": false,
      "fiscal_year": 2025,
      "fiscal_quarter": null,
      "segments": [],
      "total_revenue": 22829419982.541878,
      "gross_profit": 15700825379.86309,
      "operating_income": 13331552739.550243,
      "net_income": 10584655650.094791,
      "rd_expense": 1388698802.9885106,
      "sga_expense": 2369272640.312847,
      "cogs": 7128594602.678786,
      "interest_expense": 150900952.5476722,
      "income_tax": 1674206921.4230287,
      "currency": "USD",
      "extraction_method": "yahoo_only",
      "confidence": 0.55,
      "notes": [
        "Source: Yahoo Finance (no SEC filing available)",
        "⚠ Limited Segment Detail — aggregate data only",
        "BANK_NII:8356741640.985419",
        "BANK_NONINT:14472678341.556458"
      ]
    },
    {
      "ticker": "000660.KS",
      "period": "2025Q3",
      "is_annual": false,
      "fiscal_year": 2025,
      "fiscal_quarter": null,
      "segments": [],
      "total_revenue": 17424315132.968708,
      "gross_profit": 9998289063.374977,
      "operating_income": 8112738788.741408,
      "net_income": 8976370573.990862,
      "rd_expense": 1084336616.9010987,
      "sga_expense": 289863506.88454694,
      "cogs": 7426026069.593732,
      "interest_expense": 163032454.53012642,
      "income_tax": 1562833546.2848191,
      "currency": "USD",
      "extraction_method": "yahoo_only",
      "confidence": 0.55,
      "notes": [
        "Source: Yahoo Finance (no SEC filing available)",
        "⚠ Limited Segment Detail — aggregate data only"
      ]
    },
    {
      "ticker": "000660.KS",
      "period": "2025Q2",
      "is_annual": false,
      "fiscal_year": 2025,
      "fiscal_quarter": null,
      "segments": [],
      "total_revenue": 16486431413.83771,
      "gross_profit": 8886410389.68577,
      "operating_income": 6831925335.994164,
      "net_income": 5188897471.035598,
      "rd_expense": 1094229180.9758172,
      "sga_expense": 405962194.1065416,
      "cogs": 7600021024.151938,
      "interest_expense": 163478685.61482754,
      "income_tax": 1280212872.9232936,
      "currency": "USD",
      "extraction_method": "yahoo_only",
      "confidence": 0.55,
      "notes": [
        "Source: Yahoo Finance (no SEC filing available)",
        "⚠ Limited Segment Detail — aggregate data only"
      ]
    },
    {
      "ticker": "000660.KS",
      "period": "2025Q1",
      "is_annual": false,
      "fiscal_year": 2025,
      "fiscal_quarter": null,
      "segments": [],
      "total_revenue": 11983437789.99895,
      "gross_profit": 6862952153.034508,
      "operating_income": 5054827602.446079,
      "net_income": 5507677546.314896,
      "rd_expense": 999862093.7094092,
      "sga_expense": 294927852.794528,
      "cogs": 5120485636.96444,
      "interest_expense": 174943613.48450184,
      "income_tax": 809148350.5219221,
      "currency": "USD",
      "extraction_method": "yahoo_only",
      "confidence": 0.55,
      "notes": [
        "Source: Yahoo Finance (no SEC filing available)",
        "⚠ Limited Segment Detail — aggregate data only"
      ]
    }
  ],
  "ttm_revenue": 91713386320.35057,
  "ttm_operating_income": 53294200613.514755,
  "ttm_net_income": 51577153040.12626,
  "segment_trend": {},
  "annual_count": 3,
  "quarterly_count": 5,
  "has_partial_data": true,
  "data_notes": [
    "Only 3/3 annual reports available"
  ]
}