{
  "ticker": "000660.KS",
  "name": "SK Hynix Inc.",
  "sector": "standard",
  "latest_annual": {
    "ticker": "000660.KS",
    "period": "FY2026",
    "is_annual": true,
    "fiscal_year": 2026,
    "fiscal_quarter": null,
    "segments": [],
    "total_revenue": 65120439730.91495,
    "gross_profit": 39342263159.85375,
    "operating_income": 31643864819.43767,
    "net_income": 28770133845.315258,
    "rd_expense": 4334117709.952232,
    "sga_expense": 7698398340.416082,
    "cogs": 25778176571.061195,
    "interest_expense": 619186869.1415875,
    "income_tax": 5039314765.462769,
    "currency": "USD",
    "extraction_method": "yahoo_only",
    "confidence": 0.55,
    "notes": [
      "Source: Yahoo Finance (no SEC filing available)",
      "⚠ Limited Segment Detail — aggregate data only",
      "BANK_NII:7889840216.775425",
      "BANK_NONINT:57230599514.13953"
    ]
  },
  "annual_periods": [
    {
      "ticker": "000660.KS",
      "period": "FY2026",
      "is_annual": true,
      "fiscal_year": 2026,
      "fiscal_quarter": null,
      "segments": [],
      "total_revenue": 65120439730.91495,
      "gross_profit": 39342263159.85375,
      "operating_income": 31643864819.43767,
      "net_income": 28770133845.315258,
      "rd_expense": 4334117709.952232,
      "sga_expense": 7698398340.416082,
      "cogs": 25778176571.061195,
      "interest_expense": 619186869.1415875,
      "income_tax": 5039314765.462769,
      "currency": "USD",
      "extraction_method": "yahoo_only",
      "confidence": 0.55,
      "notes": [
        "Source: Yahoo Finance (no SEC filing available)",
        "⚠ Limited Segment Detail — aggregate data only",
        "BANK_NII:7889840216.775425",
        "BANK_NONINT:57230599514.13953"
      ]
    },
    {
      "ticker": "000660.KS",
      "period": "FY2025",
      "is_annual": true,
      "fiscal_year": 2025,
      "fiscal_quarter": null,
      "segments": [],
      "total_revenue": 65120439730.91495,
      "gross_profit": 39342263159.85375,
      "operating_income": 31643864819.43767,
      "net_income": 28770133845.315258,
      "rd_expense": 4334117709.952232,
      "sga_expense": 7698398340.416082,
      "cogs": 25778176571.061195,
      "interest_expense": 619186869.1415875,
      "income_tax": 5039314765.462769,
      "currency": "USD",
      "extraction_method": "yahoo_only",
      "confidence": 0.55,
      "notes": [
        "Source: Yahoo Finance (no SEC filing available)",
        "⚠ Limited Segment Detail — aggregate data only",
        "BANK_NII:7889840216.775425",
        "BANK_NONINT:57230599514.13953"
      ]
    },
    {
      "ticker": "000660.KS",
      "period": "FY2024",
      "is_annual": true,
      "fiscal_year": 2024,
      "fiscal_quarter": null,
      "segments": [],
      "total_revenue": 65120439730.91495,
      "gross_profit": 39342263159.85375,
      "operating_income": 31643864819.43767,
      "net_income": 28770133845.315258,
      "rd_expense": 4334117709.952232,
      "sga_expense": 7698398340.416082,
      "cogs": 25778176571.061195,
      "interest_expense": 619186869.1415875,
      "income_tax": 5039314765.462769,
      "currency": "USD",
      "extraction_method": "yahoo_only",
      "confidence": 0.55,
      "notes": [
        "Source: Yahoo Finance (no SEC filing available)",
        "⚠ Limited Segment Detail — aggregate data only",
        "BANK_NII:7889840216.775425",
        "BANK_NONINT:57230599514.13953"
      ]
    }
  ],
  "quarterly_periods": [
    {
      "ticker": "000660.KS",
      "period": "2025Q4",
      "is_annual": false,
      "fiscal_year": 2025,
      "fiscal_quarter": null,
      "segments": [],
      "total_revenue": 22004727163.890667,
      "gross_profit": 15133646802.940348,
      "operating_income": 12849962063.388317,
      "net_income": 10202294227.456615,
      "rd_expense": 1338533273.9925942,
      "sga_expense": 2283684739.552031,
      "cogs": 6871080360.95032,
      "interest_expense": 145449787.6915848,
      "income_tax": 1613727661.4992297,
      "currency": "USD",
      "extraction_method": "yahoo_only",
      "confidence": 0.55,
      "notes": [
        "Source: Yahoo Finance (no SEC filing available)",
        "⚠ Limited Segment Detail — aggregate data only",
        "BANK_NII:8054861662.259966",
        "BANK_NONINT:13949865501.630701"
      ]
    },
    {
      "ticker": "000660.KS",
      "period": "2025Q3",
      "is_annual": false,
      "fiscal_year": 2025,
      "fiscal_quarter": null,
      "segments": [],
      "total_revenue": 22004727163.890667,
      "gross_profit": 15133646802.940348,
      "operating_income": 12849962063.388317,
      "net_income": 10202294227.456615,
      "rd_expense": 1338533273.9925942,
      "sga_expense": 2283684739.552031,
      "cogs": 6871080360.95032,
      "interest_expense": 145449787.6915848,
      "income_tax": 1613727661.4992297,
      "currency": "USD",
      "extraction_method": "yahoo_only",
      "confidence": 0.55,
      "notes": [
        "Source: Yahoo Finance (no SEC filing available)",
        "⚠ Limited Segment Detail — aggregate data only",
        "BANK_NII:8054861662.259966",
        "BANK_NONINT:13949865501.630701"
      ]
    },
    {
      "ticker": "000660.KS",
      "period": "2025Q2",
      "is_annual": false,
      "fiscal_year": 2025,
      "fiscal_quarter": null,
      "segments": [],
      "total_revenue": 22004727163.890667,
      "gross_profit": 15133646802.940348,
      "operating_income": 12849962063.388317,
      "net_income": 10202294227.456615,
      "rd_expense": 1338533273.9925942,
      "sga_expense": 2283684739.552031,
      "cogs": 6871080360.95032,
      "interest_expense": 145449787.6915848,
      "income_tax": 1613727661.4992297,
      "currency": "USD",
      "extraction_method": "yahoo_only",
      "confidence": 0.55,
      "notes": [
        "Source: Yahoo Finance (no SEC filing available)",
        "⚠ Limited Segment Detail — aggregate data only",
        "BANK_NII:8054861662.259966",
        "BANK_NONINT:13949865501.630701"
      ]
    },
    {
      "ticker": "000660.KS",
      "period": "2025Q1",
      "is_annual": false,
      "fiscal_year": 2025,
      "fiscal_quarter": null,
      "segments": [],
      "total_revenue": 22004727163.890667,
      "gross_profit": 15133646802.940348,
      "operating_income": 12849962063.388317,
      "net_income": 10202294227.456615,
      "rd_expense": 1338533273.9925942,
      "sga_expense": 2283684739.552031,
      "cogs": 6871080360.95032,
      "interest_expense": 145449787.6915848,
      "income_tax": 1613727661.4992297,
      "currency": "USD",
      "extraction_method": "yahoo_only",
      "confidence": 0.55,
      "notes": [
        "Source: Yahoo Finance (no SEC filing available)",
        "⚠ Limited Segment Detail — aggregate data only",
        "BANK_NII:8054861662.259966",
        "BANK_NONINT:13949865501.630701"
      ]
    },
    {
      "ticker": "000660.KS",
      "period": "2024Q4",
      "is_annual": false,
      "fiscal_year": 2024,
      "fiscal_quarter": null,
      "segments": [],
      "total_revenue": 22004727163.890667,
      "gross_profit": 15133646802.940348,
      "operating_income": 12849962063.388317,
      "net_income": 10202294227.456615,
      "rd_expense": 1338533273.9925942,
      "sga_expense": 2283684739.552031,
      "cogs": 6871080360.95032,
      "interest_expense": 145449787.6915848,
      "income_tax": 1613727661.4992297,
      "currency": "USD",
      "extraction_method": "yahoo_only",
      "confidence": 0.55,
      "notes": [
        "Source: Yahoo Finance (no SEC filing available)",
        "⚠ Limited Segment Detail — aggregate data only",
        "BANK_NII:8054861662.259966",
        "BANK_NONINT:13949865501.630701"
      ]
    },
    {
      "ticker": "000660.KS",
      "period": "2024Q3",
      "is_annual": false,
      "fiscal_year": 2024,
      "fiscal_quarter": null,
      "segments": [],
      "total_revenue": 22004727163.890667,