{
  "ticker": "005930.KS",
  "name": "Samsung Electronics",
  "latest_annual": {
    "ticker": "005930.KS",
    "period": "FY2026",
    "is_annual": true,
    "fiscal_year": 2026,
    "fiscal_quarter": null,
    "segments": [],
    "total_revenue": 227611705024.2154,
    "gross_profit": 89631037754.50726,
    "operating_income": 29748000345.718582,
    "net_income": 30198238441.312687,
    "rd_expense": 25749406688.924877,
    "sga_expense": 25823679378.30649,
    "cogs": 137980667269.70813,
    "interest_expense": 413311892.2621943,
    "income_tax": 2916506889.8415194,
    "currency": "USD",
    "extraction_method": "yahoo+llm",
    "confidence": 0.55,
    "notes": [
      "Source: Yahoo Finance (no SEC filing available)",
      "⚠ Limited Segment Detail — aggregate data only"
    ]
  },
  "annual_periods": [
    {
      "ticker": "005930.KS",
      "period": "FY2026",
      "is_annual": true,
      "fiscal_year": 2026,
      "fiscal_quarter": null,
      "segments": [],
      "total_revenue": 227611705024.2154,
      "gross_profit": 89631037754.50726,
      "operating_income": 29748000345.718582,
      "net_income": 30198238441.312687,
      "rd_expense": 25749406688.924877,
      "sga_expense": 25823679378.30649,
      "cogs": 137980667269.70813,
      "interest_expense": 413311892.2621943,
      "income_tax": 2916506889.8415194,
      "currency": "USD",
      "extraction_method": "yahoo+llm",
      "confidence": 0.55,
      "notes": [
        "Source: Yahoo Finance (no SEC filing available)",
        "⚠ Limited Segment Detail — aggregate data only"
      ]
    },
    {
      "ticker": "005930.KS",
      "period": "FY2025",
      "is_annual": true,
      "fiscal_year": 2025,
      "fiscal_quarter": null,
      "segments": [],
      "total_revenue": 227611705024.2154,
      "gross_profit": 89631037754.50726,
      "operating_income": 29748000345.718582,
      "net_income": 30198238441.312687,
      "rd_expense": 25749406688.924877,
      "sga_expense": 25823679378.30649,
      "cogs": 137980667269.70813,
      "interest_expense": 413311892.2621943,
      "income_tax": 2916506889.8415194,
      "currency": "USD",
      "extraction_method": "yahoo+llm",
      "confidence": 0.55,
      "notes": [
        "Source: Yahoo Finance (no SEC filing available)",
        "⚠ Limited Segment Detail — aggregate data only"
      ]
    },
    {
      "ticker": "005930.KS",
      "period": "FY2024",
      "is_annual": true,
      "fiscal_year": 2024,
      "fiscal_quarter": null,
      "segments": [],
      "total_revenue": 227611705024.2154,
      "gross_profit": 89631037754.50726,
      "operating_income": 29748000345.718582,
      "net_income": 30198238441.312687,
      "rd_expense": 25749406688.924877,
      "sga_expense": 25823679378.30649,
      "cogs": 137980667269.70813,
      "interest_expense": 413311892.2621943,
      "income_tax": 2916506889.8415194,
      "currency": "USD",
      "extraction_method": "yahoo+llm",
      "confidence": 0.55,
      "notes": [
        "Source: Yahoo Finance (no SEC filing available)",
        "⚠ Limited Segment Detail — aggregate data only"
      ]
    }
  ],
  "quarterly_periods": [
    {
      "ticker": "005930.KS",
      "period": "2025Q4",
      "is_annual": false,
      "fiscal_year": 2025,
      "fiscal_quarter": null,
      "segments": [],
      "total_revenue": 64023093043.085655,
      "gross_profit": 30191428633.18557,
      "operating_income": 13695799319.604412,
      "net_income": 13162527413.883247,
      "rd_expense": 7412471029.28767,
      "sga_expense": 6761633220.589254,
      "cogs": 33831664409.900085,
      "interest_expense": 112740839.04828876,
      "income_tax": 945948597.9666934,
      "currency": "USD",
      "extraction_method": "yahoo+llm",
      "confidence": 0.55,
      "notes": [
        "Source: Yahoo Finance (no SEC filing available)",
        "⚠ Limited Segment Detail — aggregate data only"
      ]
    },
    {
      "ticker": "005930.KS",
      "period": "2025Q3",
      "is_annual": false,
      "fiscal_year": 2025,
      "fiscal_quarter": null,
      "segments": [],
      "total_revenue": 64023093043.085655,
      "gross_profit": 30191428633.18557,
      "operating_income": 13695799319.604412,
      "net_income": 13162527413.883247,
      "rd_expense": 7412471029.28767,
      "sga_expense": 6761633220.589254,
      "cogs": 33831664409.900085,
      "interest_expense": 112740839.04828876,
      "income_tax": 945948597.9666934,
      "currency": "USD",
      "extraction_method": "yahoo+llm",
      "confidence": 0.55,
      "notes": [
        "Source: Yahoo Finance (no SEC filing available)",
        "⚠ Limited Segment Detail — aggregate data only"
      ]
    },
    {
      "ticker": "005930.KS",
      "period": "2025Q2",
      "is_annual": false,
      "fiscal_year": 2025,
      "fiscal_quarter": null,
      "segments": [],
      "total_revenue": 64023093043.085655,
      "gross_profit": 30191428633.18557,
      "operating_income": 13695799319.604412,
      "net_income": 13162527413.883247,
      "rd_expense": 7412471029.28767,
      "sga_expense": 6761633220.589254,
      "cogs": 33831664409.900085,
      "interest_expense": 112740839.04828876,
      "income_tax": 945948597.9666934,
      "currency": "USD",
      "extraction_method": "yahoo+llm",
      "confidence": 0.55,
      "notes": [
        "Source: Yahoo Finance (no SEC filing available)",
        "⚠ Limited Segment Detail — aggregate data only"
      ]
    },
    {
      "ticker": "005930.KS",
      "period": "2025Q1",
      "is_annual": false,
      "fiscal_year": 2025,
      "fiscal_quarter": null,
      "segments": [],
      "total_revenue": 64023093043.085655,
      "gross_profit": 30191428633.18557,
      "operating_income": 13695799319.604412,
      "net_income": 13162527413.883247,
      "rd_expense": 7412471029.28767,
      "sga_expense": 6761633220.589254,
      "cogs": 33831664409.900085,
      "interest_expense": 112740839.04828876,
      "income_tax": 945948597.9666934,
      "currency": "USD",
      "extraction_method": "yahoo+llm",
      "confidence": 0.55,
      "notes": [
        "Source: Yahoo Finance (no SEC filing available)",
        "⚠ Limited Segment Detail — aggregate data only"
      ]
    },
    {
      "ticker": "005930.KS",
      "period": "2024Q4",
      "is_annual": false,
      "fiscal_year": 2024,
      "fiscal_quarter": null,
      "segments": [],
      "total_revenue": 64023093043.085655,
      "gross_profit": 30191428633.18557,
      "operating_income": 13695799319.604412,
      "net_income": 13162527413.883247,
      "rd_expense": 7412471029.28767,
      "sga_expense": 6761633220.589254,
      "cogs": 33831664409.900085,
      "interest_expense": 112740839.04828876,
      "income_tax": 945948597.9666934,
      "currency": "USD",
      "extraction_method": "yahoo+llm",
      "confidence": 0.55,
      "notes": [
        "Source: Yahoo Finance (no SEC filing available)",
        "⚠ Limited Segment Detail — aggregate data only"
      ]
    },
    {
      "ticker": "005930.KS",
      "period": "2024Q3",
      "is_annual": false,
      "fiscal_year": 2024,
      "fiscal_quarter": null,
      "segments": [],
      "total_revenue": 64023093043.085655,
      "gross_profit": 30191428633.18557,
      "operating_income": 13695799319.604412,
      "net_income": 13162527413.883247,
      "rd_expense": 7412471029.28767,
      "sga_expense": 6761633220.589254,
      "cogs": 33831664409.900085,
      "interest_expense": 112740839.04828876,
      "income_tax": 945948597.9666934,
      "currency": "USD",
      "extraction_method": "yahoo+llm",
      "confidence": 0.55,