{
  "ticker": "9988.HK",
  "name": "Alibaba Group Holding",
  "latest_annual": {
    "ticker": "9988.HK",
    "period": "FY2026",
    "is_annual": true,
    "fiscal_year": 2026,
    "fiscal_quarter": null,
    "segments": [],
    "total_revenue": 146169088221.8182,
    "gross_profit": 58397686343.96791,
    "operating_income": 21576784814.23855,
    "net_income": 19087641052.216293,
    "rd_expense": 8384337546.020746,
    "sga_expense": 27618683599.829674,
    "cogs": 87771401877.8503,
    "interest_expense": 1407781195.282936,
    "income_tax": 5199958781.450987,
    "currency": "USD",
    "extraction_method": "yahoo+llm",
    "confidence": 0.55,
    "notes": [
      "Source: Yahoo Finance (no SEC filing available)",
      "⚠ Limited Segment Detail — aggregate data only"
    ]
  },
  "annual_periods": [
    {
      "ticker": "9988.HK",
      "period": "FY2026",
      "is_annual": true,
      "fiscal_year": 2026,
      "fiscal_quarter": null,
      "segments": [],
      "total_revenue": 146169088221.8182,
      "gross_profit": 58397686343.96791,
      "operating_income": 21576784814.23855,
      "net_income": 19087641052.216293,
      "rd_expense": 8384337546.020746,
      "sga_expense": 27618683599.829674,
      "cogs": 87771401877.8503,
      "interest_expense": 1407781195.282936,
      "income_tax": 5199958781.450987,
      "currency": "USD",
      "extraction_method": "yahoo+llm",
      "confidence": 0.55,
      "notes": [
        "Source: Yahoo Finance (no SEC filing available)",
        "⚠ Limited Segment Detail — aggregate data only"
      ]
    },
    {
      "ticker": "9988.HK",
      "period": "FY2025",
      "is_annual": true,
      "fiscal_year": 2025,
      "fiscal_quarter": null,
      "segments": [],
      "total_revenue": 146169088221.8182,
      "gross_profit": 58397686343.96791,
      "operating_income": 21576784814.23855,
      "net_income": 19087641052.216293,
      "rd_expense": 8384337546.020746,
      "sga_expense": 27618683599.829674,
      "cogs": 87771401877.8503,
      "interest_expense": 1407781195.282936,
      "income_tax": 5199958781.450987,
      "currency": "USD",
      "extraction_method": "yahoo+llm",
      "confidence": 0.55,
      "notes": [
        "Source: Yahoo Finance (no SEC filing available)",
        "⚠ Limited Segment Detail — aggregate data only"
      ]
    },
    {
      "ticker": "9988.HK",
      "period": "FY2024",
      "is_annual": true,
      "fiscal_year": 2024,
      "fiscal_quarter": null,
      "segments": [],
      "total_revenue": 146169088221.8182,
      "gross_profit": 58397686343.96791,
      "operating_income": 21576784814.23855,
      "net_income": 19087641052.216293,
      "rd_expense": 8384337546.020746,
      "sga_expense": 27618683599.829674,
      "cogs": 87771401877.8503,
      "interest_expense": 1407781195.282936,
      "income_tax": 5199958781.450987,
      "currency": "USD",
      "extraction_method": "yahoo+llm",
      "confidence": 0.55,
      "notes": [
        "Source: Yahoo Finance (no SEC filing available)",
        "⚠ Limited Segment Detail — aggregate data only"
      ]
    }
  ],
  "quarterly_periods": [
    {
      "ticker": "9988.HK",
      "period": "2025Q4",
      "is_annual": false,
      "fiscal_year": 2025,
      "fiscal_quarter": null,
      "segments": [],
      "total_revenue": 41787892768.651245,
      "gross_profit": 16916407028.645277,
      "operating_income": 2957572832.107544,
      "net_income": 2403468041.0921574,
      "rd_expense": 2270993424.654007,
      "sga_expense": 11778797872.87116,
      "cogs": 24871485740.00597,
      "interest_expense": 375124689.0723705,
      "income_tax": 1241124313.4737015,
      "currency": "USD",
      "extraction_method": "yahoo+llm",
      "confidence": 0.55,
      "notes": [
        "Source: Yahoo Finance (no SEC filing available)",
        "⚠ Limited Segment Detail — aggregate data only"
      ]
    },
    {
      "ticker": "9988.HK",
      "period": "2025Q3",
      "is_annual": false,
      "fiscal_year": 2025,
      "fiscal_quarter": null,
      "segments": [],
      "total_revenue": 41787892768.651245,
      "gross_profit": 16916407028.645277,
      "operating_income": 2957572832.107544,
      "net_income": 2403468041.0921574,
      "rd_expense": 2270993424.654007,
      "sga_expense": 11778797872.87116,
      "cogs": 24871485740.00597,
      "interest_expense": 375124689.0723705,
      "income_tax": 1241124313.4737015,
      "currency": "USD",
      "extraction_method": "yahoo+llm",
      "confidence": 0.55,
      "notes": [
        "Source: Yahoo Finance (no SEC filing available)",
        "⚠ Limited Segment Detail — aggregate data only"
      ]
    },
    {
      "ticker": "9988.HK",
      "period": "2025Q2",
      "is_annual": false,
      "fiscal_year": 2025,
      "fiscal_quarter": null,
      "segments": [],
      "total_revenue": 41787892768.651245,
      "gross_profit": 16916407028.645277,
      "operating_income": 2957572832.107544,
      "net_income": 2403468041.0921574,
      "rd_expense": 2270993424.654007,
      "sga_expense": 11778797872.87116,
      "cogs": 24871485740.00597,
      "interest_expense": 375124689.0723705,
      "income_tax": 1241124313.4737015,
      "currency": "USD",
      "extraction_method": "yahoo+llm",
      "confidence": 0.55,
      "notes": [
        "Source: Yahoo Finance (no SEC filing available)",
        "⚠ Limited Segment Detail — aggregate data only"
      ]
    },
    {
      "ticker": "9988.HK",
      "period": "2025Q1",
      "is_annual": false,
      "fiscal_year": 2025,
      "fiscal_quarter": null,
      "segments": [],
      "total_revenue": 41787892768.651245,
      "gross_profit": 16916407028.645277,
      "operating_income": 2957572832.107544,
      "net_income": 2403468041.0921574,
      "rd_expense": 2270993424.654007,
      "sga_expense": 11778797872.87116,
      "cogs": 24871485740.00597,
      "interest_expense": 375124689.0723705,
      "income_tax": 1241124313.4737015,
      "currency": "USD",
      "extraction_method": "yahoo+llm",
      "confidence": 0.55,
      "notes": [
        "Source: Yahoo Finance (no SEC filing available)",
        "⚠ Limited Segment Detail — aggregate data only"
      ]
    },
    {
      "ticker": "9988.HK",
      "period": "2024Q4",
      "is_annual": false,
      "fiscal_year": 2024,
      "fiscal_quarter": null,
      "segments": [],
      "total_revenue": 41787892768.651245,
      "gross_profit": 16916407028.645277,
      "operating_income": 2957572832.107544,
      "net_income": 2403468041.0921574,
      "rd_expense": 2270993424.654007,
      "sga_expense": 11778797872.87116,
      "cogs": 24871485740.00597,
      "interest_expense": 375124689.0723705,
      "income_tax": 1241124313.4737015,
      "currency": "USD",
      "extraction_method": "yahoo+llm",
      "confidence": 0.55,
      "notes": [
        "Source: Yahoo Finance (no SEC filing available)",
        "⚠ Limited Segment Detail — aggregate data only"
      ]
    },
    {
      "ticker": "9988.HK",
      "period": "2024Q3",
      "is_annual": false,
      "fiscal_year": 2024,
      "fiscal_quarter": null,
      "segments": [],
      "total_revenue": 41787892768.651245,
      "gross_profit": 16916407028.645277,
      "operating_income": 2957572832.107544,
      "net_income": 2403468041.0921574,
      "rd_expense": 2270993424.654007,
      "sga_expense": 11778797872.87116,
      "cogs": 24871485740.00597,
      "interest_expense": 375124689.0723705,
      "income_tax": 1241124313.4737015,
      "currency": "USD",
      "extraction_method": "yahoo+llm",
      "confidence": 0.55,