{
  "ticker": "NESN.SW",
  "name": "Nestlé S.A.",
  "sector": "standard",
  "latest_annual": {
    "ticker": "NESN.SW",
    "period": "FY2026",
    "is_annual": true,
    "fiscal_year": 2026,
    "fiscal_quarter": null,
    "segments": [],
    "total_revenue": 114788326663.97095,
    "gross_profit": 52603281566.61987,
    "operating_income": 17854542972.564697,
    "net_income": 11535661731.71997,
    "rd_expense": 2059893985.748291,
    "sga_expense": 32167805088.043213,
    "cogs": 62185045097.351074,
    "interest_expense": 2328076091.7663574,
    "income_tax": 3371432189.9414062,
    "currency": "USD",
    "extraction_method": "yahoo_only",
    "confidence": 0.55,
    "notes": [
      "Source: Yahoo Finance (no SEC filing available)",
      "⚠ Limited Segment Detail — aggregate data only"
    ]
  },
  "annual_periods": [
    {
      "ticker": "NESN.SW",
      "period": "FY2026",
      "is_annual": true,
      "fiscal_year": 2026,
      "fiscal_quarter": null,
      "segments": [],
      "total_revenue": 114788326663.97095,
      "gross_profit": 52603281566.61987,
      "operating_income": 17854542972.564697,
      "net_income": 11535661731.71997,
      "rd_expense": 2059893985.748291,
      "sga_expense": 32167805088.043213,
      "cogs": 62185045097.351074,
      "interest_expense": 2328076091.7663574,
      "income_tax": 3371432189.9414062,
      "currency": "USD",
      "extraction_method": "yahoo_only",
      "confidence": 0.55,
      "notes": [
        "Source: Yahoo Finance (no SEC filing available)",
        "⚠ Limited Segment Detail — aggregate data only"
      ]
    },
    {
      "ticker": "NESN.SW",
      "period": "FY2025",
      "is_annual": true,
      "fiscal_year": 2025,
      "fiscal_quarter": null,
      "segments": [],
      "total_revenue": 114788326663.97095,
      "gross_profit": 52603281566.61987,
      "operating_income": 17854542972.564697,
      "net_income": 11535661731.71997,
      "rd_expense": 2059893985.748291,
      "sga_expense": 32167805088.043213,
      "cogs": 62185045097.351074,
      "interest_expense": 2328076091.7663574,
      "income_tax": 3371432189.9414062,
      "currency": "USD",
      "extraction_method": "yahoo_only",
      "confidence": 0.55,
      "notes": [
        "Source: Yahoo Finance (no SEC filing available)",
        "⚠ Limited Segment Detail — aggregate data only"
      ]
    },
    {
      "ticker": "NESN.SW",
      "period": "FY2024",
      "is_annual": true,
      "fiscal_year": 2024,
      "fiscal_quarter": null,
      "segments": [],
      "total_revenue": 114788326663.97095,
      "gross_profit": 52603281566.61987,
      "operating_income": 17854542972.564697,
      "net_income": 11535661731.71997,
      "rd_expense": 2059893985.748291,
      "sga_expense": 32167805088.043213,
      "cogs": 62185045097.351074,
      "interest_expense": 2328076091.7663574,
      "income_tax": 3371432189.9414062,
      "currency": "USD",
      "extraction_method": "yahoo_only",
      "confidence": 0.55,
      "notes": [
        "Source: Yahoo Finance (no SEC filing available)",
        "⚠ Limited Segment Detail — aggregate data only"
      ]
    }
  ],
  "quarterly_periods": [],
  "ttm_revenue": 114788326663.97095,
  "ttm_operating_income": 17854542972.564697,
  "ttm_net_income": 11535661731.71997,
  "segment_trend": {},
  "annual_count": 3,
  "quarterly_count": 0,
  "has_partial_data": true,
  "data_notes": [
    "Partial data: 3/3 annual, 0/12 quarterly"
  ]
}