{
  "ticker": "RHHBY",
  "name": "Roche Holding AG",
  "sector": "pharma",
  "latest_annual": {
    "ticker": "RHHBY",
    "period": "FY2026",
    "is_annual": true,
    "fiscal_year": 2026,
    "fiscal_quarter": null,
    "segments": [],
    "total_revenue": 80909264328.00293,
    "gross_profit": 59652639781.951904,
    "operating_income": 23594917098.999023,
    "net_income": 16448502502.441406,
    "rd_expense": 17051273712.158203,
    "sga_expense": 19361470996.85669,
    "cogs": 21256624546.051025,
    "interest_expense": 1718919593.8110352,
    "income_tax": 4053380973.815918,
    "currency": "USD",
    "extraction_method": "yahoo_only",
    "confidence": 0.55,
    "notes": [
      "Source: Yahoo Finance (no SEC filing available)",
      "⚠ Limited Segment Detail — aggregate data only"
    ]
  },
  "annual_periods": [
    {
      "ticker": "RHHBY",
      "period": "FY2026",
      "is_annual": true,
      "fiscal_year": 2026,
      "fiscal_quarter": null,
      "segments": [],
      "total_revenue": 80909264328.00293,
      "gross_profit": 59652639781.951904,
      "operating_income": 23594917098.999023,
      "net_income": 16448502502.441406,
      "rd_expense": 17051273712.158203,
      "sga_expense": 19361470996.85669,
      "cogs": 21256624546.051025,
      "interest_expense": 1718919593.8110352,
      "income_tax": 4053380973.815918,
      "currency": "USD",
      "extraction_method": "yahoo_only",
      "confidence": 0.55,
      "notes": [
        "Source: Yahoo Finance (no SEC filing available)",
        "⚠ Limited Segment Detail — aggregate data only"
      ]
    },
    {
      "ticker": "RHHBY",
      "period": "FY2025",
      "is_annual": true,
      "fiscal_year": 2025,
      "fiscal_quarter": null,
      "segments": [],
      "total_revenue": 80909264328.00293,
      "gross_profit": 59652639781.951904,
      "operating_income": 23594917098.999023,
      "net_income": 16448502502.441406,
      "rd_expense": 17051273712.158203,
      "sga_expense": 19361470996.85669,
      "cogs": 21256624546.051025,
      "interest_expense": 1718919593.8110352,
      "income_tax": 4053380973.815918,
      "currency": "USD",
      "extraction_method": "yahoo_only",
      "confidence": 0.55,
      "notes": [
        "Source: Yahoo Finance (no SEC filing available)",
        "⚠ Limited Segment Detail — aggregate data only"
      ]
    },
    {
      "ticker": "RHHBY",
      "period": "FY2024",
      "is_annual": true,
      "fiscal_year": 2024,
      "fiscal_quarter": null,
      "segments": [],
      "total_revenue": 80909264328.00293,
      "gross_profit": 59652639781.951904,
      "operating_income": 23594917098.999023,
      "net_income": 16448502502.441406,
      "rd_expense": 17051273712.158203,
      "sga_expense": 19361470996.85669,
      "cogs": 21256624546.051025,
      "interest_expense": 1718919593.8110352,
      "income_tax": 4053380973.815918,
      "currency": "USD",
      "extraction_method": "yahoo_only",
      "confidence": 0.55,
      "notes": [
        "Source: Yahoo Finance (no SEC filing available)",
        "⚠ Limited Segment Detail — aggregate data only"
      ]
    }
  ],
  "quarterly_periods": [],
  "ttm_revenue": 80909264328.00293,
  "ttm_operating_income": 23594917098.999023,
  "ttm_net_income": 16448502502.441406,
  "segment_trend": {},
  "annual_count": 3,
  "quarterly_count": 0,
  "has_partial_data": true,
  "data_notes": [
    "Partial data: 3/3 annual, 0/12 quarterly"
  ],
  "classification": "INTL_YAHOO"
}