{
  "ticker": "SAP.DE",
  "name": "SAP SE",
  "latest_annual": {
    "ticker": "SAP.DE",
    "period": "FY2026",
    "is_annual": true,
    "fiscal_year": 2026,
    "fiscal_quarter": null,
    "segments": [],
    "total_revenue": 43304305839.538574,
    "gross_profit": 31553305890.79857,
    "operating_income": 11320310385.227203,
    "net_income": 8426688427.090645,
    "rd_expense": 7805365778.08857,
    "sga_expense": 12369969102.859497,
    "cogs": 11750999948.740005,
    "interest_expense": 578959741.1155701,
    "income_tax": 3464344467.163086,
    "currency": "USD",
    "extraction_method": "yahoo+llm",
    "confidence": 0.55,
    "notes": [
      "Source: Yahoo Finance (no SEC filing available)",
      "⚠ Limited Segment Detail — aggregate data only"
    ]
  },
  "annual_periods": [
    {
      "ticker": "SAP.DE",
      "period": "FY2026",
      "is_annual": true,
      "fiscal_year": 2026,
      "fiscal_quarter": null,
      "segments": [],
      "total_revenue": 43304305839.538574,
      "gross_profit": 31553305890.79857,
      "operating_income": 11320310385.227203,
      "net_income": 8426688427.090645,
      "rd_expense": 7805365778.08857,
      "sga_expense": 12369969102.859497,
      "cogs": 11750999948.740005,
      "interest_expense": 578959741.1155701,
      "income_tax": 3464344467.163086,
      "currency": "USD",
      "extraction_method": "yahoo+llm",
      "confidence": 0.55,
      "notes": [
        "Source: Yahoo Finance (no SEC filing available)",
        "⚠ Limited Segment Detail — aggregate data only"
      ]
    },
    {
      "ticker": "SAP.DE",
      "period": "FY2025",
      "is_annual": true,
      "fiscal_year": 2025,
      "fiscal_quarter": null,
      "segments": [],
      "total_revenue": 43304305839.538574,
      "gross_profit": 31553305890.79857,
      "operating_income": 11320310385.227203,
      "net_income": 8426688427.090645,
      "rd_expense": 7805365778.08857,
      "sga_expense": 12369969102.859497,
      "cogs": 11750999948.740005,
      "interest_expense": 578959741.1155701,
      "income_tax": 3464344467.163086,
      "currency": "USD",
      "extraction_method": "yahoo+llm",
      "confidence": 0.55,
      "notes": [
        "Source: Yahoo Finance (no SEC filing available)",
        "⚠ Limited Segment Detail — aggregate data only"
      ]
    },
    {
      "ticker": "SAP.DE",
      "period": "FY2024",
      "is_annual": true,
      "fiscal_year": 2024,
      "fiscal_quarter": null,
      "segments": [],
      "total_revenue": 43304305839.538574,
      "gross_profit": 31553305890.79857,
      "operating_income": 11320310385.227203,
      "net_income": 8426688427.090645,
      "rd_expense": 7805365778.08857,
      "sga_expense": 12369969102.859497,
      "cogs": 11750999948.740005,
      "interest_expense": 578959741.1155701,
      "income_tax": 3464344467.163086,
      "currency": "USD",
      "extraction_method": "yahoo+llm",
      "confidence": 0.55,
      "notes": [
        "Source: Yahoo Finance (no SEC filing available)",
        "⚠ Limited Segment Detail — aggregate data only"
      ]
    }
  ],
  "quarterly_periods": [
    {
      "ticker": "SAP.DE",
      "period": "2025Q4",
      "is_annual": false,
      "fiscal_year": 2025,
      "fiscal_quarter": null,
      "segments": [],
      "total_revenue": 11395622221.46988,
      "gross_profit": 8138385303.974152,
      "operating_income": 2757119254.9467087,
      "net_income": 1976935701.3702393,
      "rd_expense": 1998117155.3134918,
      "sga_expense": 3357260450.0055313,
      "cogs": 3257236917.4957275,
      "interest_expense": -431866310.95409393,
      "income_tax": 970816639.0657425,
      "currency": "USD",
      "extraction_method": "yahoo+llm",
      "confidence": 0.55,
      "notes": [
        "Source: Yahoo Finance (no SEC filing available)",
        "⚠ Limited Segment Detail — aggregate data only"
      ]
    },
    {
      "ticker": "SAP.DE",
      "period": "2025Q3",
      "is_annual": false,
      "fiscal_year": 2025,
      "fiscal_quarter": null,
      "segments": [],
      "total_revenue": 11395622221.46988,
      "gross_profit": 8138385303.974152,
      "operating_income": 2757119254.9467087,
      "net_income": 1976935701.3702393,
      "rd_expense": 1998117155.3134918,
      "sga_expense": 3357260450.0055313,
      "cogs": 3257236917.4957275,
      "interest_expense": -431866310.95409393,
      "income_tax": 970816639.0657425,
      "currency": "USD",
      "extraction_method": "yahoo+llm",
      "confidence": 0.55,
      "notes": [
        "Source: Yahoo Finance (no SEC filing available)",
        "⚠ Limited Segment Detail — aggregate data only"
      ]
    },
    {
      "ticker": "SAP.DE",
      "period": "2025Q2",
      "is_annual": false,
      "fiscal_year": 2025,
      "fiscal_quarter": null,
      "segments": [],
      "total_revenue": 11395622221.46988,
      "gross_profit": 8138385303.974152,
      "operating_income": 2757119254.9467087,
      "net_income": 1976935701.3702393,
      "rd_expense": 1998117155.3134918,
      "sga_expense": 3357260450.0055313,
      "cogs": 3257236917.4957275,
      "interest_expense": -431866310.95409393,
      "income_tax": 970816639.0657425,
      "currency": "USD",
      "extraction_method": "yahoo+llm",
      "confidence": 0.55,
      "notes": [
        "Source: Yahoo Finance (no SEC filing available)",
        "⚠ Limited Segment Detail — aggregate data only"
      ]
    },
    {
      "ticker": "SAP.DE",
      "period": "2025Q1",
      "is_annual": false,
      "fiscal_year": 2025,
      "fiscal_quarter": null,
      "segments": [],
      "total_revenue": 11395622221.46988,
      "gross_profit": 8138385303.974152,
      "operating_income": 2757119254.9467087,
      "net_income": 1976935701.3702393,
      "rd_expense": 1998117155.3134918,
      "sga_expense": 3357260450.0055313,
      "cogs": 3257236917.4957275,
      "interest_expense": -431866310.95409393,
      "income_tax": 970816639.0657425,
      "currency": "USD",
      "extraction_method": "yahoo+llm",
      "confidence": 0.55,
      "notes": [
        "Source: Yahoo Finance (no SEC filing available)",
        "⚠ Limited Segment Detail — aggregate data only"
      ]
    },
    {
      "ticker": "SAP.DE",
      "period": "2024Q4",
      "is_annual": false,
      "fiscal_year": 2024,
      "fiscal_quarter": null,
      "segments": [],
      "total_revenue": 11395622221.46988,
      "gross_profit": 8138385303.974152,
      "operating_income": 2757119254.9467087,
      "net_income": 1976935701.3702393,
      "rd_expense": 1998117155.3134918,
      "sga_expense": 3357260450.0055313,
      "cogs": 3257236917.4957275,
      "interest_expense": -431866310.95409393,
      "income_tax": 970816639.0657425,
      "currency": "USD",
      "extraction_method": "yahoo+llm",
      "confidence": 0.55,
      "notes": [
        "Source: Yahoo Finance (no SEC filing available)",
        "⚠ Limited Segment Detail — aggregate data only"
      ]
    },
    {
      "ticker": "SAP.DE",
      "period": "2024Q3",
      "is_annual": false,
      "fiscal_year": 2024,
      "fiscal_quarter": null,
      "segments": [],
      "total_revenue": 11395622221.46988,
      "gross_profit": 8138385303.974152,
      "operating_income": 2757119254.9467087,
      "net_income": 1976935701.3702393,
      "rd_expense": 1998117155.3134918,
      "sga_expense": 3357260450.0055313,
      "cogs": 3257236917.4957275,
      "interest_expense": -431866310.95409393,
      "income_tax": 970816639.0657425,
      "currency": "USD",
      "extraction_method": "yahoo+llm",
      "confidence": 0.55,