{
  "ticker": "SIE.DE",
  "name": "Siemens AG",
  "latest_annual": {
    "ticker": "SIE.DE",
    "period": "FY2026",
    "is_annual": true,
    "fiscal_year": 2026,
    "fiscal_quarter": null,
    "segments": [],
    "total_revenue": 92861847582.10182,
    "gross_profit": 35771945467.829704,
    "operating_income": 10698987736.225128,
    "net_income": 11320310385.227203,
    "rd_expense": 7718286467.432976,
    "sga_expense": 17447634312.033653,
    "cogs": 57089902114.27212,
    "interest_expense": 1929865803.718567,
    "income_tax": 2943045350.6708145,
    "currency": "USD",
    "extraction_method": "yahoo+llm",
    "confidence": 0.55,
    "notes": [
      "Source: Yahoo Finance (no SEC filing available)",
      "⚠ Limited Segment Detail — aggregate data only"
    ]
  },
  "annual_periods": [
    {
      "ticker": "SIE.DE",
      "period": "FY2026",
      "is_annual": true,
      "fiscal_year": 2026,
      "fiscal_quarter": null,
      "segments": [],
      "total_revenue": 92861847582.10182,
      "gross_profit": 35771945467.829704,
      "operating_income": 10698987736.225128,
      "net_income": 11320310385.227203,
      "rd_expense": 7718286467.432976,
      "sga_expense": 17447634312.033653,
      "cogs": 57089902114.27212,
      "interest_expense": 1929865803.718567,
      "income_tax": 2943045350.6708145,
      "currency": "USD",
      "extraction_method": "yahoo+llm",
      "confidence": 0.55,
      "notes": [
        "Source: Yahoo Finance (no SEC filing available)",
        "⚠ Limited Segment Detail — aggregate data only"
      ]
    },
    {
      "ticker": "SIE.DE",
      "period": "FY2025",
      "is_annual": true,
      "fiscal_year": 2025,
      "fiscal_quarter": null,
      "segments": [],
      "total_revenue": 92861847582.10182,
      "gross_profit": 35771945467.829704,
      "operating_income": 10698987736.225128,
      "net_income": 11320310385.227203,
      "rd_expense": 7718286467.432976,
      "sga_expense": 17447634312.033653,
      "cogs": 57089902114.27212,
      "interest_expense": 1929865803.718567,
      "income_tax": 2943045350.6708145,
      "currency": "USD",
      "extraction_method": "yahoo+llm",
      "confidence": 0.55,
      "notes": [
        "Source: Yahoo Finance (no SEC filing available)",
        "⚠ Limited Segment Detail — aggregate data only"
      ]
    },
    {
      "ticker": "SIE.DE",
      "period": "FY2024",
      "is_annual": true,
      "fiscal_year": 2024,
      "fiscal_quarter": null,
      "segments": [],
      "total_revenue": 92861847582.10182,
      "gross_profit": 35771945467.829704,
      "operating_income": 10698987736.225128,
      "net_income": 11320310385.227203,
      "rd_expense": 7718286467.432976,
      "sga_expense": 17447634312.033653,
      "cogs": 57089902114.27212,
      "interest_expense": 1929865803.718567,
      "income_tax": 2943045350.6708145,
      "currency": "USD",
      "extraction_method": "yahoo+llm",
      "confidence": 0.55,
      "notes": [
        "Source: Yahoo Finance (no SEC filing available)",
        "⚠ Limited Segment Detail — aggregate data only"
      ]
    }
  ],
  "quarterly_periods": [
    {
      "ticker": "SIE.DE",
      "period": "2025Q4",
      "is_annual": false,
      "fiscal_year": 2025,
      "fiscal_quarter": null,
      "segments": [],
      "total_revenue": 22521769278.883934,
      "gross_profit": 8982113219.380379,
      "operating_income": 2934808118.581772,
      "net_income": 2388797305.8223724,
      "rd_expense": 1926335561.3946915,
      "sga_expense": 4245704768.180847,
      "cogs": 13539656059.503555,
      "interest_expense": 511885136.96193695,
      "income_tax": 844904662.8475189,
      "currency": "USD",
      "extraction_method": "yahoo+llm",
      "confidence": 0.55,
      "notes": [
        "Source: Yahoo Finance (no SEC filing available)",
        "⚠ Limited Segment Detail — aggregate data only"
      ]
    },
    {
      "ticker": "SIE.DE",
      "period": "2025Q3",
      "is_annual": false,
      "fiscal_year": 2025,
      "fiscal_quarter": null,
      "segments": [],
      "total_revenue": 22521769278.883934,
      "gross_profit": 8982113219.380379,
      "operating_income": 2934808118.581772,
      "net_income": 2388797305.8223724,
      "rd_expense": 1926335561.3946915,
      "sga_expense": 4245704768.180847,
      "cogs": 13539656059.503555,
      "interest_expense": 511885136.96193695,
      "income_tax": 844904662.8475189,
      "currency": "USD",
      "extraction_method": "yahoo+llm",
      "confidence": 0.55,
      "notes": [
        "Source: Yahoo Finance (no SEC filing available)",
        "⚠ Limited Segment Detail — aggregate data only"
      ]
    },
    {
      "ticker": "SIE.DE",
      "period": "2025Q2",
      "is_annual": false,
      "fiscal_year": 2025,
      "fiscal_quarter": null,
      "segments": [],
      "total_revenue": 22521769278.883934,
      "gross_profit": 8982113219.380379,
      "operating_income": 2934808118.581772,
      "net_income": 2388797305.8223724,
      "rd_expense": 1926335561.3946915,
      "sga_expense": 4245704768.180847,
      "cogs": 13539656059.503555,
      "interest_expense": 511885136.96193695,
      "income_tax": 844904662.8475189,
      "currency": "USD",
      "extraction_method": "yahoo+llm",
      "confidence": 0.55,
      "notes": [
        "Source: Yahoo Finance (no SEC filing available)",
        "⚠ Limited Segment Detail — aggregate data only"
      ]
    },
    {
      "ticker": "SIE.DE",
      "period": "2025Q1",
      "is_annual": false,
      "fiscal_year": 2025,
      "fiscal_quarter": null,
      "segments": [],
      "total_revenue": 22521769278.883934,
      "gross_profit": 8982113219.380379,
      "operating_income": 2934808118.581772,
      "net_income": 2388797305.8223724,
      "rd_expense": 1926335561.3946915,
      "sga_expense": 4245704768.180847,
      "cogs": 13539656059.503555,
      "interest_expense": 511885136.96193695,
      "income_tax": 844904662.8475189,
      "currency": "USD",
      "extraction_method": "yahoo+llm",
      "confidence": 0.55,
      "notes": [
        "Source: Yahoo Finance (no SEC filing available)",
        "⚠ Limited Segment Detail — aggregate data only"
      ]
    },
    {
      "ticker": "SIE.DE",
      "period": "2024Q4",
      "is_annual": false,
      "fiscal_year": 2024,
      "fiscal_quarter": null,
      "segments": [],
      "total_revenue": 22521769278.883934,
      "gross_profit": 8982113219.380379,
      "operating_income": 2934808118.581772,
      "net_income": 2388797305.8223724,
      "rd_expense": 1926335561.3946915,
      "sga_expense": 4245704768.180847,
      "cogs": 13539656059.503555,
      "interest_expense": 511885136.96193695,
      "income_tax": 844904662.8475189,
      "currency": "USD",
      "extraction_method": "yahoo+llm",
      "confidence": 0.55,
      "notes": [
        "Source: Yahoo Finance (no SEC filing available)",
        "⚠ Limited Segment Detail — aggregate data only"
      ]
    },
    {
      "ticker": "SIE.DE",
      "period": "2024Q3",
      "is_annual": false,
      "fiscal_year": 2024,
      "fiscal_quarter": null,
      "segments": [],
      "total_revenue": 22521769278.883934,
      "gross_profit": 8982113219.380379,
      "operating_income": 2934808118.581772,
      "net_income": 2388797305.8223724,
      "rd_expense": 1926335561.3946915,
      "sga_expense": 4245704768.180847,
      "cogs": 13539656059.503555,
      "interest_expense": 511885136.96193695,
      "income_tax": 844904662.8475189,
      "currency": "USD",
      "extraction_method": "yahoo+llm",
      "confidence": 0.55,