{
  "ticker": "SIE.DE",
  "name": "Siemens AG",
  "sector": "standard",
  "latest_annual": {
    "ticker": "SIE.DE",
    "period": "FY2026",
    "is_annual": true,
    "fiscal_year": 2026,
    "fiscal_quarter": null,
    "segments": [],
    "total_revenue": 92383515520.57266,
    "gross_profit": 35587683912.99248,
    "operating_income": 10643877171.516418,
    "net_income": 11261999382.972717,
    "rd_expense": 7678529516.9353485,
    "sga_expense": 17357761419.057846,
    "cogs": 56795831607.580185,
    "interest_expense": 1919925050.7354736,
    "income_tax": 2927885702.3715973,
    "currency": "USD",
    "extraction_method": "yahoo_only",
    "confidence": 0.55,
    "notes": [
      "Source: Yahoo Finance (no SEC filing available)",
      "⚠ Limited Segment Detail — aggregate data only"
    ]
  },
  "annual_periods": [
    {
      "ticker": "SIE.DE",
      "period": "FY2026",
      "is_annual": true,
      "fiscal_year": 2026,
      "fiscal_quarter": null,
      "segments": [],
      "total_revenue": 92383515520.57266,
      "gross_profit": 35587683912.99248,
      "operating_income": 10643877171.516418,
      "net_income": 11261999382.972717,
      "rd_expense": 7678529516.9353485,
      "sga_expense": 17357761419.057846,
      "cogs": 56795831607.580185,
      "interest_expense": 1919925050.7354736,
      "income_tax": 2927885702.3715973,
      "currency": "USD",
      "extraction_method": "yahoo_only",
      "confidence": 0.55,
      "notes": [
        "Source: Yahoo Finance (no SEC filing available)",
        "⚠ Limited Segment Detail — aggregate data only"
      ]
    },
    {
      "ticker": "SIE.DE",
      "period": "FY2025",
      "is_annual": true,
      "fiscal_year": 2025,
      "fiscal_quarter": null,
      "segments": [],
      "total_revenue": 92383515520.57266,
      "gross_profit": 35587683912.99248,
      "operating_income": 10643877171.516418,
      "net_income": 11261999382.972717,
      "rd_expense": 7678529516.9353485,
      "sga_expense": 17357761419.057846,
      "cogs": 56795831607.580185,
      "interest_expense": 1919925050.7354736,
      "income_tax": 2927885702.3715973,
      "currency": "USD",
      "extraction_method": "yahoo_only",
      "confidence": 0.55,
      "notes": [
        "Source: Yahoo Finance (no SEC filing available)",
        "⚠ Limited Segment Detail — aggregate data only"
      ]
    },
    {
      "ticker": "SIE.DE",
      "period": "FY2024",
      "is_annual": true,
      "fiscal_year": 2024,
      "fiscal_quarter": null,
      "segments": [],
      "total_revenue": 92383515520.57266,
      "gross_profit": 35587683912.99248,
      "operating_income": 10643877171.516418,
      "net_income": 11261999382.972717,
      "rd_expense": 7678529516.9353485,
      "sga_expense": 17357761419.057846,
      "cogs": 56795831607.580185,
      "interest_expense": 1919925050.7354736,
      "income_tax": 2927885702.3715973,
      "currency": "USD",
      "extraction_method": "yahoo_only",
      "confidence": 0.55,
      "notes": [
        "Source: Yahoo Finance (no SEC filing available)",
        "⚠ Limited Segment Detail — aggregate data only"
      ]
    }
  ],
  "quarterly_periods": [
    {
      "ticker": "SIE.DE",
      "period": "2025Q4",
      "is_annual": false,
      "fiscal_year": 2025,
      "fiscal_quarter": null,
      "segments": [],
      "total_revenue": 22405759479.284286,
      "gross_profit": 8935846287.965775,
      "operating_income": 2919690900.325775,
      "net_income": 2376492593.2884216,
      "rd_expense": 1916412992.7158356,
      "sga_expense": 4223835111.618042,
      "cogs": 13469913191.318512,
      "interest_expense": 509248412.8475189,
      "income_tax": 840552552.7000427,
      "currency": "USD",
      "extraction_method": "yahoo_only",
      "confidence": 0.55,
      "notes": [
        "Source: Yahoo Finance (no SEC filing available)",
        "⚠ Limited Segment Detail — aggregate data only"
      ]
    },
    {
      "ticker": "SIE.DE",
      "period": "2025Q3",
      "is_annual": false,
      "fiscal_year": 2025,
      "fiscal_quarter": null,
      "segments": [],
      "total_revenue": 22405759479.284286,
      "gross_profit": 8935846287.965775,
      "operating_income": 2919690900.325775,
      "net_income": 2376492593.2884216,
      "rd_expense": 1916412992.7158356,
      "sga_expense": 4223835111.618042,
      "cogs": 13469913191.318512,
      "interest_expense": 509248412.8475189,
      "income_tax": 840552552.7000427,
      "currency": "USD",
      "extraction_method": "yahoo_only",
      "confidence": 0.55,
      "notes": [
        "Source: Yahoo Finance (no SEC filing available)",
        "⚠ Limited Segment Detail — aggregate data only"
      ]
    },
    {
      "ticker": "SIE.DE",
      "period": "2025Q2",
      "is_annual": false,
      "fiscal_year": 2025,
      "fiscal_quarter": null,
      "segments": [],
      "total_revenue": 22405759479.284286,
      "gross_profit": 8935846287.965775,
      "operating_income": 2919690900.325775,
      "net_income": 2376492593.2884216,
      "rd_expense": 1916412992.7158356,
      "sga_expense": 4223835111.618042,
      "cogs": 13469913191.318512,
      "interest_expense": 509248412.8475189,
      "income_tax": 840552552.7000427,
      "currency": "USD",
      "extraction_method": "yahoo_only",
      "confidence": 0.55,
      "notes": [
        "Source: Yahoo Finance (no SEC filing available)",
        "⚠ Limited Segment Detail — aggregate data only"
      ]
    },
    {
      "ticker": "SIE.DE",
      "period": "2025Q1",
      "is_annual": false,
      "fiscal_year": 2025,
      "fiscal_quarter": null,
      "segments": [],
      "total_revenue": 22405759479.284286,
      "gross_profit": 8935846287.965775,
      "operating_income": 2919690900.325775,
      "net_income": 2376492593.2884216,
      "rd_expense": 1916412992.7158356,
      "sga_expense": 4223835111.618042,
      "cogs": 13469913191.318512,
      "interest_expense": 509248412.8475189,
      "income_tax": 840552552.7000427,
      "currency": "USD",
      "extraction_method": "yahoo_only",
      "confidence": 0.55,
      "notes": [
        "Source: Yahoo Finance (no SEC filing available)",
        "⚠ Limited Segment Detail — aggregate data only"
      ]
    },
    {
      "ticker": "SIE.DE",
      "period": "2024Q4",
      "is_annual": false,
      "fiscal_year": 2024,
      "fiscal_quarter": null,
      "segments": [],
      "total_revenue": 22405759479.284286,
      "gross_profit": 8935846287.965775,
      "operating_income": 2919690900.325775,
      "net_income": 2376492593.2884216,
      "rd_expense": 1916412992.7158356,
      "sga_expense": 4223835111.618042,
      "cogs": 13469913191.318512,
      "interest_expense": 509248412.8475189,
      "income_tax": 840552552.7000427,
      "currency": "USD",
      "extraction_method": "yahoo_only",
      "confidence": 0.55,
      "notes": [
        "Source: Yahoo Finance (no SEC filing available)",
        "⚠ Limited Segment Detail — aggregate data only"
      ]
    },
    {
      "ticker": "SIE.DE",
      "period": "2024Q3",
      "is_annual": false,
      "fiscal_year": 2024,
      "fiscal_quarter": null,
      "segments": [],
      "total_revenue": 22405759479.284286,
      "gross_profit": 8935846287.965775,
      "operating_income": 2919690900.325775,
      "net_income": 2376492593.2884216,
      "rd_expense": 1916412992.7158356,
      "sga_expense": 4223835111.618042,
      "cogs": 13469913191.318512,
      "interest_expense": 509248412.8475189,
      "income_tax": 840552552.7000427,
      "currency": "USD",
      "extraction_method": "yahoo_only",
      "confidence": 0.55,
      "notes": [
        "Source: Yahoo Finance (no SEC filing available)",
        "⚠ Limited Segment Detail — aggregate data only"
      ]
    }
  ],
  "ttm_revenue": 89623037917.13715,
  "ttm_operating_income": 11678763601.3031,
  "ttm_net_income": 9505970373.153687,
  "segment_trend": {},
  "annual_count": 3,
  "quarterly_count": 6,