{"timestamp": 1778686633.1823528, "data": {"rate": 0.7270084023475647}}