{"timestamp": 1778847544.720845, "data": {"rate": 0.1468709111213684}}