{"timestamp": 1778774384.657612, "data": {"rate": 1.2770576477050781}}