{"timestamp": 1778686632.4298491, "data": {"rate": 0.7301934957504272}}