{"timestamp": 1778774384.5318882, "data": {"rate": 0.1562783271074295}}