{"timestamp": 1778683796.590514, "data": {"rate": 1.1706860065460205}}