{"timestamp": 1778774385.540094, "data": {"rate": 0.1276746243238449}}