{"timestamp": 1778686633.493488, "data": {"rate": 0.006336773745715618}}