{"timestamp": 1778774385.100663, "data": {"rate": 0.0006703311228193343}}